category,monthly_earnings,uploads
Animals,11120,696
Autos,6455,661
Comedy,13639,1199
Education,20026,488
Entertainment,13509,4776
Film,11943,908
Games,11325,1995
Howto,15150,731
Music,15473,1763
News,13528,40607
Nonprofit,10500,31499
People,13248,2404
Shows,18980,9679
Sports,9761,2986
Tech,9416,611
Travel,11857,1357
